frame,gt_count,pred_count,errore
1,29,11.0,-18.0
2,30,11.0,-19.0
3,35,13.0,-22.0
4,31,11.0,-20.0
5,26,9.0,-17.0
6,26,8.0,-18.0
7,28,9.0,-19.0
8,27,13.0,-14.0
9,29,10.0,-19.0
10,31,14.0,-17.0
11,37,16.0,-21.0
12,37,14.0,-23.0
13,41,16.0,-25.0
14,41,13.0,-28.0
15,41,13.0,-28.0
16,40,16.0,-24.0
17,42,12.0,-30.0
18,44,11.0,-33.0
19,36,13.0,-23.0
20,37,15.0,-22.0
21,38,16.0,-22.0
22,37,12.0,-25.0
23,40,16.0,-24.0
24,41,18.0,-23.0
25,37,17.0,-20.0
26,41,13.0,-28.0
27,41,17.0,-24.0
28,41,15.0,-26.0
29,36,19.0,-17.0
30,33,13.0,-20.0
31,35,14.0,-21.0
32,36,12.0,-24.0
33,37,15.0,-22.0
34,36,15.0,-21.0
35,35,17.0,-18.0
36,36,17.0,-19.0
37,33,15.0,-18.0
38,31,12.0,-19.0
39,30,12.0,-18.0
40,29,10.0,-19.0
41,27,10.0,-17.0
42,24,8.0,-16.0
43,25,6.0,-19.0
44,21,7.0,-14.0
45,22,6.0,-16.0
46,19,5.0,-14.0
47,17,6.0,-11.0
48,17,7.0,-10.0
49,18,6.0,-12.0
50,17,9.0,-8.0
51,17,7.0,-10.0
52,16,7.0,-9.0
53,16,5.0,-11.0
54,17,6.0,-11.0
55,16,6.0,-10.0
56,19,3.0,-16.0
57,22,2.0,-20.0
58,22,1.0,-21.0
59,20,5.0,-15.0
60,21,2.0,-19.0
61,23,4.0,-19.0
62,18,4.0,-14.0
63,23,5.0,-18.0
64,23,7.0,-16.0
65,22,8.0,-14.0
66,24,11.0,-13.0
67,24,10.0,-14.0
68,25,13.0,-12.0
69,20,11.0,-9.0
70,23,10.0,-13.0
71,26,13.0,-13.0
72,26,12.0,-14.0
73,25,7.0,-18.0
74,23,9.0,-14.0
75,22,11.0,-11.0
76,20,8.0,-12.0
77,16,7.0,-9.0
78,18,6.0,-12.0
79,17,4.0,-13.0
80,17,4.0,-13.0
81,16,2.0,-14.0
82,15,4.0,-11.0
83,15,3.0,-12.0
84,17,4.0,-13.0
85,16,7.0,-9.0
86,16,7.0,-9.0
87,16,6.0,-10.0
88,14,5.0,-9.0
89,15,5.0,-10.0
90,13,5.0,-8.0
91,18,6.0,-12.0
92,18,7.0,-11.0
93,16,7.0,-9.0
94,18,6.0,-12.0
95,20,3.0,-17.0
96,19,7.0,-12.0
97,24,12.0,-12.0
98,25,10.0,-15.0
99,27,14.0,-13.0
100,31,14.0,-17.0
101,31,16.0,-15.0
102,30,17.0,-13.0
103,31,12.0,-19.0
104,33,14.0,-19.0
105,33,14.0,-19.0
106,33,15.0,-18.0
107,31,14.0,-17.0
108,25,9.0,-16.0
109,23,8.0,-15.0
110,20,6.0,-14.0
111,23,11.0,-12.0
112,23,14.0,-9.0
113,22,15.0,-7.0
114,22,15.0,-7.0
115,24,12.0,-12.0
116,24,11.0,-13.0
117,26,12.0,-14.0
118,27,13.0,-14.0
119,29,15.0,-14.0
120,25,11.0,-14.0
121,24,13.0,-11.0
122,26,13.0,-13.0
123,25,9.0,-16.0
124,24,10.0,-14.0
125,26,14.0,-12.0
126,31,11.0,-20.0
127,32,11.0,-21.0
128,28,13.0,-15.0
129,29,13.0,-16.0
130,29,10.0,-19.0
131,30,12.0,-18.0
132,29,12.0,-17.0
133,27,10.0,-17.0
134,29,8.0,-21.0
135,28,12.0,-16.0
136,25,4.0,-21.0
137,27,6.0,-21.0
138,26,7.0,-19.0
139,27,7.0,-20.0
140,25,4.0,-21.0
141,22,6.0,-16.0
142,23,6.0,-17.0
143,23,7.0,-16.0
144,26,10.0,-16.0
145,23,9.0,-14.0
146,25,7.0,-18.0
147,22,9.0,-13.0
148,19,9.0,-10.0
149,22,8.0,-14.0
150,24,8.0,-16.0
151,23,7.0,-16.0
152,21,8.0,-13.0
153,20,6.0,-14.0
154,20,5.0,-15.0
155,20,4.0,-16.0
156,23,5.0,-18.0
157,24,5.0,-19.0
158,24,7.0,-17.0
159,23,9.0,-14.0
160,20,8.0,-12.0
161,20,9.0,-11.0
162,23,8.0,-15.0
163,26,10.0,-16.0
164,26,9.0,-17.0
165,27,7.0,-20.0
166,26,11.0,-15.0
167,23,13.0,-10.0
168,23,13.0,-10.0
169,22,11.0,-11.0
170,21,10.0,-11.0
171,19,6.0,-13.0
172,19,7.0,-12.0
173,18,5.0,-13.0
174,18,5.0,-13.0
175,16,3.0,-13.0
176,15,5.0,-10.0
177,17,5.0,-12.0
178,17,4.0,-13.0
179,18,4.0,-14.0
180,19,6.0,-13.0
181,20,6.0,-14.0
182,17,6.0,-11.0
183,19,9.0,-10.0
184,23,10.0,-13.0
185,23,8.0,-15.0
186,25,7.0,-18.0
187,25,5.0,-20.0
188,29,3.0,-26.0
189,29,4.0,-25.0
190,30,8.0,-22.0
191,29,6.0,-23.0
192,23,6.0,-17.0
193,22,9.0,-13.0
194,21,11.0,-10.0
195,21,11.0,-10.0
196,21,10.0,-11.0
197,22,12.0,-10.0
198,24,13.0,-11.0
199,25,8.0,-17.0
200,27,10.0,-17.0
201,26,12.0,-14.0
202,26,10.0,-16.0
203,27,12.0,-15.0
204,25,9.0,-16.0
205,23,8.0,-15.0
206,24,7.0,-17.0
207,24,9.0,-15.0
208,26,11.0,-15.0
209,26,10.0,-16.0
210,25,9.0,-16.0
211,24,8.0,-16.0
212,21,9.0,-12.0
213,20,8.0,-12.0
214,20,8.0,-12.0
215,20,8.0,-12.0
216,23,11.0,-12.0
217,23,10.0,-13.0
218,23,8.0,-15.0
219,24,10.0,-14.0
220,24,9.0,-15.0
221,24,5.0,-19.0
222,22,5.0,-17.0
223,22,7.0,-15.0
224,22,5.0,-17.0
225,21,7.0,-14.0
226,26,9.0,-17.0
227,22,11.0,-11.0
228,23,7.0,-16.0
229,23,7.0,-16.0
230,21,9.0,-12.0
231,20,7.0,-13.0
232,18,5.0,-13.0
233,20,4.0,-16.0
234,23,6.0,-17.0
235,27,4.0,-23.0
236,28,5.0,-23.0
237,24,9.0,-15.0
238,25,11.0,-14.0
239,25,10.0,-15.0
240,26,8.0,-18.0
241,26,11.0,-15.0
242,25,9.0,-16.0
243,25,11.0,-14.0
244,23,11.0,-12.0
245,20,12.0,-8.0
246,19,10.0,-9.0
247,18,6.0,-12.0
248,18,3.0,-15.0
249,14,3.0,-11.0
250,15,3.0,-12.0
251,15,2.0,-13.0
252,19,3.0,-16.0
253,19,5.0,-14.0
254,19,5.0,-14.0
255,17,5.0,-12.0
256,18,7.0,-11.0
257,18,7.0,-11.0
258,19,6.0,-13.0
259,21,8.0,-13.0
260,24,10.0,-14.0
261,23,7.0,-16.0
262,25,9.0,-16.0
263,23,9.0,-14.0
264,25,9.0,-16.0
265,27,8.0,-19.0
266,28,10.0,-18.0
267,30,9.0,-21.0
268,32,10.0,-22.0
269,30,13.0,-17.0
270,29,15.0,-14.0
271,27,13.0,-14.0
272,28,10.0,-18.0
273,26,6.0,-20.0
274,25,11.0,-14.0
275,29,10.0,-19.0
276,28,10.0,-18.0
277,25,7.0,-18.0
278,26,5.0,-21.0
279,25,6.0,-19.0
280,25,6.0,-19.0
281,22,7.0,-15.0
282,22,5.0,-17.0
283,22,6.0,-16.0
284,24,5.0,-19.0
285,23,6.0,-17.0
286,21,5.0,-16.0
287,22,3.0,-19.0
288,25,6.0,-19.0
289,26,8.0,-18.0
290,27,8.0,-19.0
291,27,9.0,-18.0
292,24,8.0,-16.0
293,23,12.0,-11.0
294,31,11.0,-20.0
295,27,12.0,-15.0
296,28,13.0,-15.0
297,28,13.0,-15.0
298,29,14.0,-15.0
299,27,12.0,-15.0
300,28,13.0,-15.0
301,28,12.0,-16.0
302,25,8.0,-17.0
303,24,6.0,-18.0
304,24,6.0,-18.0
305,24,6.0,-18.0
306,24,6.0,-18.0
307,23,3.0,-20.0
308,22,5.0,-17.0
309,22,5.0,-17.0
310,24,5.0,-19.0
311,20,5.0,-15.0
312,19,3.0,-16.0
313,19,2.0,-17.0
314,16,1.0,-15.0
315,17,1.0,-16.0
316,16,2.0,-14.0
317,16,2.0,-14.0
318,17,4.0,-13.0
319,16,5.0,-11.0
320,13,4.0,-9.0
321,14,5.0,-9.0
322,17,5.0,-12.0
323,17,5.0,-12.0
324,18,6.0,-12.0
325,19,5.0,-14.0
326,18,7.0,-11.0
327,18,7.0,-11.0
328,20,5.0,-15.0
329,20,9.0,-11.0
330,19,7.0,-12.0
331,19,8.0,-11.0
332,19,6.0,-13.0
333,19,7.0,-12.0
334,21,9.0,-12.0
335,23,8.0,-15.0
336,23,6.0,-17.0
337,22,6.0,-16.0
338,22,8.0,-14.0
339,22,6.0,-16.0
340,23,6.0,-17.0
341,24,9.0,-15.0
342,24,8.0,-16.0
343,23,7.0,-16.0
344,23,9.0,-14.0
345,24,10.0,-14.0
346,27,12.0,-15.0
347,27,12.0,-15.0
348,31,12.0,-19.0
349,27,12.0,-15.0
350,33,13.0,-20.0
351,36,14.0,-22.0
352,37,17.0,-20.0
353,38,13.0,-25.0
354,36,15.0,-21.0
355,35,17.0,-18.0
356,32,17.0,-15.0
357,32,15.0,-17.0
358,32,14.0,-18.0
359,33,16.0,-17.0
360,33,11.0,-22.0
361,35,10.0,-25.0
362,36,12.0,-24.0
363,36,16.0,-20.0
364,31,11.0,-20.0
365,28,6.0,-22.0
366,29,8.0,-21.0
367,31,7.0,-24.0
368,33,8.0,-25.0
369,34,7.0,-27.0
370,34,7.0,-27.0
371,34,8.0,-26.0
372,33,7.0,-26.0
373,32,5.0,-27.0
374,33,6.0,-27.0
375,35,8.0,-27.0
376,33,12.0,-21.0
377,32,9.0,-23.0
378,34,10.0,-24.0
379,36,7.0,-29.0
380,42,14.0,-28.0
381,47,14.0,-33.0
382,42,16.0,-26.0
383,41,14.0,-27.0
384,40,12.0,-28.0
385,39,12.0,-27.0
386,41,11.0,-30.0
387,46,11.0,-35.0
388,45,13.0,-32.0
389,42,8.0,-34.0
390,39,10.0,-29.0
391,40,10.0,-30.0
392,42,11.0,-31.0
393,43,14.0,-29.0
394,49,17.0,-32.0
395,47,16.0,-31.0
396,47,17.0,-30.0
397,50,16.0,-34.0
398,48,16.0,-32.0
399,46,14.0,-32.0
400,48,13.0,-35.0
401,48,19.0,-29.0
402,47,15.0,-32.0
403,46,14.0,-32.0
404,47,17.0,-30.0
405,44,15.0,-29.0
406,43,14.0,-29.0
407,42,13.0,-29.0
408,42,12.0,-30.0
409,37,14.0,-23.0
410,38,11.0,-27.0
411,33,11.0,-22.0
412,33,9.0,-24.0
413,33,10.0,-23.0
414,35,9.0,-26.0
415,33,11.0,-22.0
416,34,9.0,-25.0
417,34,12.0,-22.0
418,36,10.0,-26.0
419,37,14.0,-23.0
420,32,15.0,-17.0
421,33,16.0,-17.0
422,40,17.0,-23.0
423,35,14.0,-21.0
424,35,17.0,-18.0
425,34,10.0,-24.0
426,32,11.0,-21.0
427,33,16.0,-17.0
428,34,10.0,-24.0
429,34,9.0,-25.0
430,31,12.0,-19.0
431,35,12.0,-23.0
432,36,12.0,-24.0
433,35,16.0,-19.0
434,41,17.0,-24.0
435,43,15.0,-28.0
436,39,12.0,-27.0
437,39,15.0,-24.0
438,43,16.0,-27.0
439,45,12.0,-33.0
440,46,15.0,-31.0
441,48,16.0,-32.0
442,43,15.0,-28.0
443,44,20.0,-24.0
444,43,16.0,-27.0
445,45,17.0,-28.0
446,48,14.0,-34.0
447,49,13.0,-36.0
448,49,15.0,-34.0
449,50,16.0,-34.0
450,46,17.0,-29.0
451,47,16.0,-31.0
452,49,18.0,-31.0
453,42,19.0,-23.0
454,35,15.0,-20.0
455,33,11.0,-22.0
456,32,11.0,-21.0
457,31,13.0,-18.0
458,34,15.0,-19.0
459,31,11.0,-20.0
460,34,11.0,-23.0
461,34,11.0,-23.0
462,37,15.0,-22.0
463,37,15.0,-22.0
464,31,11.0,-20.0
465,31,13.0,-18.0
466,33,11.0,-22.0
467,31,10.0,-21.0
468,29,11.0,-18.0
469,32,7.0,-25.0
470,29,9.0,-20.0
471,27,9.0,-18.0
472,28,9.0,-19.0
473,28,9.0,-19.0
474,28,8.0,-20.0
475,28,7.0,-21.0
476,27,7.0,-20.0
477,28,8.0,-20.0
478,27,12.0,-15.0
479,29,11.0,-18.0
480,29,13.0,-16.0
481,30,13.0,-17.0
482,32,14.0,-18.0
483,31,12.0,-19.0
484,30,10.0,-20.0
485,28,11.0,-17.0
486,28,12.0,-16.0
487,27,12.0,-15.0
488,26,12.0,-14.0
489,28,12.0,-16.0
490,33,11.0,-22.0
491,34,14.0,-20.0
492,34,17.0,-17.0
493,30,12.0,-18.0
494,29,9.0,-20.0
495,30,10.0,-20.0
496,33,10.0,-23.0
497,30,10.0,-20.0
498,27,9.0,-18.0
499,26,8.0,-18.0
500,28,6.0,-22.0
501,26,7.0,-19.0
502,26,7.0,-19.0
503,26,9.0,-17.0
504,27,11.0,-16.0
505,28,10.0,-18.0
506,30,12.0,-18.0
507,30,10.0,-20.0
508,26,13.0,-13.0
509,29,11.0,-18.0
510,26,10.0,-16.0
511,27,10.0,-17.0
512,26,10.0,-16.0
513,30,6.0,-24.0
514,33,10.0,-23.0
515,37,14.0,-23.0
516,34,14.0,-20.0
517,36,15.0,-21.0
518,34,12.0,-22.0
519,33,14.0,-19.0
520,32,11.0,-21.0
521,32,14.0,-18.0
522,33,17.0,-16.0
523,33,15.0,-18.0
524,31,14.0,-17.0
525,33,13.0,-20.0
526,34,12.0,-22.0
527,35,11.0,-24.0
528,32,7.0,-25.0
529,28,3.0,-25.0
530,22,6.0,-16.0
531,25,6.0,-19.0
532,26,5.0,-21.0
533,25,7.0,-18.0
534,28,10.0,-18.0
535,30,9.0,-21.0
536,31,10.0,-21.0
537,32,10.0,-22.0
538,32,8.0,-24.0
539,31,9.0,-22.0
540,32,13.0,-19.0
541,32,12.0,-20.0
542,32,12.0,-20.0
543,28,11.0,-17.0
544,26,11.0,-15.0
545,27,11.0,-16.0
546,27,9.0,-18.0
547,25,11.0,-14.0
548,23,8.0,-15.0
549,21,9.0,-12.0
550,23,8.0,-15.0
551,23,7.0,-16.0
552,25,7.0,-18.0
553,24,7.0,-17.0
554,24,5.0,-19.0
555,24,6.0,-18.0
556,21,2.0,-19.0
557,22,4.0,-18.0
558,21,7.0,-14.0
559,22,6.0,-16.0
560,22,8.0,-14.0
561,21,5.0,-16.0
562,20,10.0,-10.0
563,23,11.0,-12.0
564,25,10.0,-15.0
565,23,9.0,-14.0
566,21,8.0,-13.0
567,23,11.0,-12.0
568,25,9.0,-16.0
569,25,9.0,-16.0
570,24,10.0,-14.0
571,21,6.0,-15.0
572,21,8.0,-13.0
573,22,5.0,-17.0
574,22,6.0,-16.0
575,23,8.0,-15.0
576,21,5.0,-16.0
577,23,6.0,-17.0
578,23,9.0,-14.0
579,27,10.0,-17.0
580,29,12.0,-17.0
581,27,9.0,-18.0
582,28,9.0,-19.0
583,28,11.0,-17.0
584,30,14.0,-16.0
585,31,9.0,-22.0
586,28,13.0,-15.0
587,32,12.0,-20.0
588,32,13.0,-19.0
589,29,12.0,-17.0
590,28,9.0,-19.0
591,29,12.0,-17.0
592,28,9.0,-19.0
593,26,10.0,-16.0
594,24,10.0,-14.0
595,25,8.0,-17.0
596,25,12.0,-13.0
597,22,7.0,-15.0
598,24,6.0,-18.0
599,22,5.0,-17.0
600,22,3.0,-19.0
601,23,6.0,-17.0
602,25,6.0,-19.0
603,27,8.0,-19.0
604,27,9.0,-18.0
605,30,10.0,-20.0
606,29,13.0,-16.0
607,32,12.0,-20.0
608,36,11.0,-25.0
609,40,15.0,-25.0
610,40,12.0,-28.0
611,41,11.0,-30.0
612,42,9.0,-33.0
613,41,11.0,-30.0
614,45,12.0,-33.0
615,46,17.0,-29.0
616,46,15.0,-31.0
617,45,12.0,-33.0
618,45,14.0,-31.0
619,43,15.0,-28.0
620,42,15.0,-27.0
621,41,9.0,-32.0
622,41,10.0,-31.0
623,42,9.0,-33.0
624,41,10.0,-31.0
625,42,13.0,-29.0
626,42,13.0,-29.0
627,42,15.0,-27.0
628,41,12.0,-29.0
629,36,12.0,-24.0
630,32,11.0,-21.0
631,31,12.0,-19.0
632,35,14.0,-21.0
633,38,13.0,-25.0
634,35,15.0,-20.0
635,33,13.0,-20.0
636,30,11.0,-19.0
637,32,8.0,-24.0
638,34,13.0,-21.0
639,38,14.0,-24.0
640,37,15.0,-22.0
641,40,17.0,-23.0
642,40,17.0,-23.0
643,40,21.0,-19.0
644,43,22.0,-21.0
645,41,19.0,-22.0
646,38,19.0,-19.0
647,40,17.0,-23.0
648,42,17.0,-25.0
649,42,19.0,-23.0
650,37,16.0,-21.0
651,36,15.0,-21.0
652,34,16.0,-18.0
653,33,11.0,-22.0
654,32,12.0,-20.0
655,35,15.0,-20.0
656,36,13.0,-23.0
657,34,12.0,-22.0
658,29,10.0,-19.0
659,31,10.0,-21.0
660,31,13.0,-18.0
661,33,15.0,-18.0
662,28,13.0,-15.0
663,26,14.0,-12.0
664,25,11.0,-14.0
665,25,10.0,-15.0
666,26,10.0,-16.0
667,31,10.0,-21.0
668,26,11.0,-15.0
669,30,13.0,-17.0
670,30,15.0,-15.0
671,32,17.0,-15.0
672,33,15.0,-18.0
673,32,13.0,-19.0
674,34,17.0,-17.0
675,36,14.0,-22.0
676,37,16.0,-21.0
677,34,13.0,-21.0
678,33,11.0,-22.0
679,32,15.0,-17.0
680,32,13.0,-19.0
681,33,8.0,-25.0
682,31,13.0,-18.0
683,30,12.0,-18.0
684,31,9.0,-22.0
685,34,11.0,-23.0
686,31,13.0,-18.0
687,31,13.0,-18.0
688,31,10.0,-21.0
689,28,13.0,-15.0
690,29,11.0,-18.0
691,30,10.0,-20.0
692,29,11.0,-18.0
693,28,12.0,-16.0
694,32,14.0,-18.0
695,30,12.0,-18.0
696,32,14.0,-18.0
697,31,14.0,-17.0
698,32,14.0,-18.0
699,32,14.0,-18.0
700,34,15.0,-19.0
701,35,13.0,-22.0
702,35,15.0,-20.0
703,32,13.0,-19.0
704,32,12.0,-20.0
705,34,11.0,-23.0
706,35,12.0,-23.0
707,37,10.0,-27.0
708,37,10.0,-27.0
709,38,14.0,-24.0
710,41,9.0,-32.0
711,39,11.0,-28.0
712,35,9.0,-26.0
713,38,9.0,-29.0
714,39,12.0,-27.0
715,36,13.0,-23.0
716,38,12.0,-26.0
717,43,14.0,-29.0
718,40,15.0,-25.0
719,45,18.0,-27.0
720,42,19.0,-23.0
721,48,20.0,-28.0
722,46,19.0,-27.0
723,46,17.0,-29.0
724,43,20.0,-23.0
725,42,16.0,-26.0
726,42,16.0,-26.0
727,44,18.0,-26.0
728,44,20.0,-24.0
729,45,16.0,-29.0
730,43,14.0,-29.0
731,39,17.0,-22.0
732,41,16.0,-25.0
733,42,16.0,-26.0
734,41,15.0,-26.0
735,39,11.0,-28.0
736,39,12.0,-27.0
737,40,14.0,-26.0
738,36,11.0,-25.0
739,37,9.0,-28.0
740,38,6.0,-32.0
741,33,7.0,-26.0
742,35,6.0,-29.0
743,36,6.0,-30.0
744,38,5.0,-33.0
745,38,5.0,-33.0
746,40,8.0,-32.0
747,41,9.0,-32.0
748,40,9.0,-31.0
749,42,9.0,-33.0
750,42,9.0,-33.0
751,43,10.0,-33.0
752,42,15.0,-27.0
753,41,15.0,-26.0
754,41,14.0,-27.0
755,41,9.0,-32.0
756,43,11.0,-32.0
757,44,9.0,-35.0
758,41,10.0,-31.0
759,38,14.0,-24.0
760,41,16.0,-25.0
761,39,18.0,-21.0
762,38,18.0,-20.0
763,34,19.0,-15.0
764,32,12.0,-20.0
765,33,14.0,-19.0
766,30,13.0,-17.0
767,30,11.0,-19.0
768,29,6.0,-23.0
769,26,7.0,-19.0
770,26,7.0,-19.0
771,29,10.0,-19.0
772,32,8.0,-24.0
773,33,7.0,-26.0
774,34,11.0,-23.0
775,34,7.0,-27.0
776,36,12.0,-24.0
777,36,8.0,-28.0
778,35,8.0,-27.0
779,34,10.0,-24.0
780,33,9.0,-24.0
781,35,13.0,-22.0
782,36,13.0,-23.0
783,36,11.0,-25.0
784,33,10.0,-23.0
785,27,10.0,-17.0
786,26,9.0,-17.0
787,27,8.0,-19.0
788,25,6.0,-19.0
789,23,6.0,-17.0
790,22,7.0,-15.0
791,22,7.0,-15.0
792,22,6.0,-16.0
793,22,5.0,-17.0
794,24,6.0,-18.0
795,24,3.0,-21.0
796,26,6.0,-20.0
797,26,9.0,-17.0
798,26,8.0,-18.0
799,30,10.0,-20.0
800,29,9.0,-20.0
801,31,10.0,-21.0
802,33,10.0,-23.0
803,36,11.0,-25.0
804,36,11.0,-25.0
805,38,14.0,-24.0
806,38,10.0,-28.0
807,38,13.0,-25.0
808,37,13.0,-24.0
809,37,9.0,-28.0
810,38,14.0,-24.0
811,36,14.0,-22.0
812,37,15.0,-22.0
813,41,18.0,-23.0
814,39,17.0,-22.0
815,36,19.0,-17.0
816,37,16.0,-21.0
817,33,17.0,-16.0
818,31,13.0,-18.0
819,33,15.0,-18.0
820,35,17.0,-18.0
821,36,13.0,-23.0
822,32,11.0,-21.0
823,30,9.0,-21.0
824,31,7.0,-24.0
825,32,8.0,-24.0
826,30,10.0,-20.0
827,29,9.0,-20.0
828,29,5.0,-24.0
829,30,7.0,-23.0
830,31,8.0,-23.0
831,28,6.0,-22.0
832,26,6.0,-20.0
833,27,5.0,-22.0
834,29,9.0,-20.0
835,31,9.0,-22.0
836,30,9.0,-21.0
837,30,12.0,-18.0
838,32,11.0,-21.0
839,32,7.0,-25.0
840,33,7.0,-26.0
841,30,7.0,-23.0
842,28,7.0,-21.0
843,29,7.0,-22.0
844,29,7.0,-22.0
845,31,7.0,-24.0
846,29,7.0,-22.0
847,29,10.0,-19.0
848,30,9.0,-21.0
849,32,7.0,-25.0
850,29,9.0,-20.0
851,30,11.0,-19.0
852,29,11.0,-18.0
853,32,10.0,-22.0
854,33,11.0,-22.0
855,31,10.0,-21.0
856,32,9.0,-23.0
857,32,10.0,-22.0
858,34,11.0,-23.0
859,34,15.0,-19.0
860,36,15.0,-21.0
861,36,11.0,-25.0
862,34,15.0,-19.0
863,33,13.0,-20.0
864,29,13.0,-16.0
865,30,13.0,-17.0
866,32,13.0,-19.0
867,36,11.0,-25.0
868,37,11.0,-26.0
869,35,9.0,-26.0
870,35,11.0,-24.0
871,36,13.0,-23.0
872,31,9.0,-22.0
873,30,10.0,-20.0
874,28,10.0,-18.0
875,28,13.0,-15.0
876,27,11.0,-16.0
877,26,11.0,-15.0
878,28,10.0,-18.0
879,30,14.0,-16.0
880,32,15.0,-17.0
881,31,13.0,-18.0
882,30,13.0,-17.0
883,30,10.0,-20.0
884,31,12.0,-19.0
885,31,16.0,-15.0
886,32,15.0,-17.0
887,32,13.0,-19.0
888,33,13.0,-20.0
889,32,14.0,-18.0
890,35,13.0,-22.0
891,29,10.0,-19.0
892,30,9.0,-21.0
893,33,10.0,-23.0
894,38,14.0,-24.0
895,36,10.0,-26.0
896,33,9.0,-24.0
897,35,13.0,-22.0
898,34,9.0,-25.0
899,36,10.0,-26.0
900,39,13.0,-26.0
901,36,11.0,-25.0
902,35,12.0,-23.0
903,35,10.0,-25.0
904,37,13.0,-24.0
905,37,13.0,-24.0
906,44,17.0,-27.0
907,42,16.0,-26.0
908,43,14.0,-29.0
909,41,19.0,-22.0
910,42,18.0,-24.0
911,40,18.0,-22.0
912,37,15.0,-22.0
913,39,16.0,-23.0
914,38,16.0,-22.0
915,40,13.0,-27.0
916,40,16.0,-24.0
917,37,12.0,-25.0
918,34,12.0,-22.0
919,31,14.0,-17.0
920,33,13.0,-20.0
921,34,11.0,-23.0
922,33,8.0,-25.0
923,32,8.0,-24.0
924,32,7.0,-25.0
925,31,11.0,-20.0
926,24,11.0,-13.0
927,26,13.0,-13.0
928,26,15.0,-11.0
929,26,14.0,-12.0
930,28,13.0,-15.0
931,31,16.0,-15.0
932,30,14.0,-16.0
933,33,16.0,-17.0
934,34,15.0,-19.0
935,34,13.0,-21.0
936,33,12.0,-21.0
937,32,11.0,-21.0
938,30,15.0,-15.0
939,29,14.0,-15.0
940,29,17.0,-12.0
941,31,15.0,-16.0
942,32,15.0,-17.0
943,31,14.0,-17.0
944,31,12.0,-19.0
945,33,13.0,-20.0
946,36,13.0,-23.0
947,36,15.0,-21.0
948,38,15.0,-23.0
949,35,15.0,-20.0
950,37,13.0,-24.0
951,42,16.0,-26.0
952,44,18.0,-26.0
953,44,19.0,-25.0
954,47,17.0,-30.0
955,48,20.0,-28.0
956,43,17.0,-26.0
957,45,15.0,-30.0
958,46,15.0,-31.0
959,43,15.0,-28.0
960,42,18.0,-24.0
961,44,18.0,-26.0
962,45,17.0,-28.0
963,50,17.0,-33.0
964,53,22.0,-31.0
965,49,18.0,-31.0
966,46,17.0,-29.0
967,45,21.0,-24.0
968,45,20.0,-25.0
969,47,18.0,-29.0
970,47,20.0,-27.0
971,47,19.0,-28.0
972,44,16.0,-28.0
973,38,17.0,-21.0
974,38,15.0,-23.0
975,37,15.0,-22.0
976,36,19.0,-17.0
977,35,16.0,-19.0
978,32,14.0,-18.0
979,27,11.0,-16.0
980,29,10.0,-19.0
981,29,12.0,-17.0
982,28,14.0,-14.0
983,29,15.0,-14.0
984,28,14.0,-14.0
985,28,14.0,-14.0
986,29,14.0,-15.0
987,31,12.0,-19.0
988,31,14.0,-17.0
989,34,16.0,-18.0
990,35,17.0,-18.0
991,35,18.0,-17.0
992,35,16.0,-19.0
993,37,15.0,-22.0
994,40,14.0,-26.0
995,40,16.0,-24.0
996,38,14.0,-24.0
997,41,15.0,-26.0
998,39,15.0,-24.0
999,36,15.0,-21.0
1000,37,11.0,-26.0
1001,38,12.0,-26.0
1002,32,10.0,-22.0
1003,33,10.0,-23.0
1004,35,12.0,-23.0
1005,34,11.0,-23.0
1006,34,10.0,-24.0
1007,32,6.0,-26.0
1008,29,8.0,-21.0
1009,27,7.0,-20.0
1010,26,4.0,-22.0
1011,28,5.0,-23.0
1012,27,5.0,-22.0
1013,26,6.0,-20.0
1014,27,6.0,-21.0
1015,28,1.0,-27.0
1016,28,1.0,-27.0
1017,28,2.0,-26.0
1018,28,6.0,-22.0
1019,29,6.0,-23.0
1020,29,6.0,-23.0
1021,30,6.0,-24.0
1022,31,5.0,-26.0
1023,30,6.0,-24.0
1024,31,7.0,-24.0
1025,33,6.0,-27.0
1026,32,5.0,-27.0
1027,36,11.0,-25.0
1028,36,10.0,-26.0
1029,37,11.0,-26.0
1030,38,15.0,-23.0
1031,34,12.0,-22.0
1032,34,15.0,-19.0
1033,37,12.0,-25.0
1034,37,12.0,-25.0
1035,35,12.0,-23.0
1036,36,9.0,-27.0
1037,35,8.0,-27.0
1038,30,8.0,-22.0
1039,32,7.0,-25.0
1040,32,10.0,-22.0
1041,34,12.0,-22.0
1042,32,13.0,-19.0
1043,31,7.0,-24.0
1044,32,9.0,-23.0
1045,27,10.0,-17.0
1046,25,10.0,-15.0
1047,25,8.0,-17.0
1048,27,11.0,-16.0
1049,30,9.0,-21.0
1050,31,6.0,-25.0
1051,29,6.0,-23.0
1052,28,4.0,-24.0
1053,29,3.0,-26.0
1054,31,9.0,-22.0
1055,31,8.0,-23.0
1056,32,9.0,-23.0
1057,31,9.0,-22.0
1058,31,8.0,-23.0
1059,30,6.0,-24.0
1060,31,5.0,-26.0
1061,30,5.0,-25.0
1062,30,6.0,-24.0
1063,24,5.0,-19.0
1064,26,7.0,-19.0
1065,24,6.0,-18.0
1066,21,6.0,-15.0
1067,24,6.0,-18.0
1068,26,5.0,-21.0
1069,30,9.0,-21.0
1070,33,12.0,-21.0
1071,37,11.0,-26.0
1072,33,12.0,-21.0
1073,31,12.0,-19.0
1074,31,7.0,-24.0
1075,30,13.0,-17.0
1076,29,10.0,-19.0
1077,29,13.0,-16.0
1078,34,12.0,-22.0
1079,37,14.0,-23.0
1080,33,14.0,-19.0
1081,33,9.0,-24.0
1082,28,9.0,-19.0
1083,29,10.0,-19.0
1084,25,5.0,-20.0
1085,27,8.0,-19.0
1086,24,8.0,-16.0
1087,21,7.0,-14.0
1088,20,6.0,-14.0
1089,22,8.0,-14.0
1090,24,9.0,-15.0
1091,25,9.0,-16.0
1092,27,9.0,-18.0
1093,24,6.0,-18.0
1094,26,10.0,-16.0
1095,26,8.0,-18.0
1096,26,10.0,-16.0
1097,23,8.0,-15.0
1098,26,9.0,-17.0
1099,27,13.0,-14.0
1100,27,11.0,-16.0
1101,26,10.0,-16.0
1102,25,11.0,-14.0
1103,26,12.0,-14.0
1104,27,11.0,-16.0
1105,28,15.0,-13.0
1106,29,13.0,-16.0
1107,28,10.0,-18.0
1108,27,11.0,-16.0
1109,25,10.0,-15.0
1110,25,12.0,-13.0
1111,25,12.0,-13.0
1112,27,11.0,-16.0
1113,29,12.0,-17.0
1114,29,13.0,-16.0
1115,29,11.0,-18.0
1116,29,11.0,-18.0
1117,30,12.0,-18.0
1118,29,12.0,-17.0
1119,29,10.0,-19.0
1120,31,10.0,-21.0
1121,28,10.0,-18.0
1122,25,10.0,-15.0
1123,26,9.0,-17.0
1124,25,11.0,-14.0
1125,27,7.0,-20.0
1126,27,8.0,-19.0
1127,31,8.0,-23.0
1128,30,11.0,-19.0
1129,30,9.0,-21.0
1130,30,11.0,-19.0
1131,25,8.0,-17.0
1132,25,6.0,-19.0
1133,23,3.0,-20.0
1134,21,5.0,-16.0
1135,26,3.0,-23.0
1136,27,2.0,-25.0
1137,29,5.0,-24.0
1138,28,8.0,-20.0
1139,29,6.0,-23.0
1140,29,5.0,-24.0
1141,30,7.0,-23.0
1142,33,9.0,-24.0
1143,36,13.0,-23.0
1144,36,13.0,-23.0
1145,40,12.0,-28.0
1146,39,14.0,-25.0
1147,37,15.0,-22.0
1148,42,18.0,-24.0
1149,44,16.0,-28.0
1150,45,21.0,-24.0
1151,43,20.0,-23.0
1152,41,17.0,-24.0
1153,40,15.0,-25.0
1154,42,14.0,-28.0
1155,43,16.0,-27.0
1156,45,8.0,-37.0
1157,39,12.0,-27.0
1158,42,6.0,-36.0
1159,40,8.0,-32.0
1160,33,7.0,-26.0
1161,36,7.0,-29.0
1162,38,10.0,-28.0
1163,37,9.0,-28.0
1164,35,9.0,-26.0
1165,34,11.0,-23.0
1166,38,12.0,-26.0
1167,36,9.0,-27.0
1168,40,9.0,-31.0
1169,41,10.0,-31.0
1170,39,12.0,-27.0
1171,41,14.0,-27.0
1172,40,11.0,-29.0
1173,40,15.0,-25.0
1174,37,11.0,-26.0
1175,33,13.0,-20.0
1176,29,12.0,-17.0
1177,28,13.0,-15.0
1178,27,13.0,-14.0
1179,29,13.0,-16.0
1180,31,13.0,-18.0
1181,27,9.0,-18.0
1182,23,7.0,-16.0
1183,23,7.0,-16.0
1184,24,9.0,-15.0
1185,27,8.0,-19.0
1186,26,8.0,-18.0
1187,27,5.0,-22.0
1188,26,5.0,-21.0
1189,27,10.0,-17.0
1190,28,11.0,-17.0
1191,29,10.0,-19.0
1192,30,10.0,-20.0
1193,31,13.0,-18.0
1194,31,15.0,-16.0
1195,30,15.0,-15.0
1196,28,13.0,-15.0
1197,28,12.0,-16.0
1198,28,10.0,-18.0
1199,28,10.0,-18.0
1200,27,12.0,-15.0
1201,29,16.0,-13.0
1202,26,16.0,-10.0
1203,30,15.0,-15.0
1204,29,13.0,-16.0
1205,27,13.0,-14.0
1206,29,16.0,-13.0
1207,28,14.0,-14.0
1208,27,14.0,-13.0
1209,28,16.0,-12.0
1210,27,14.0,-13.0
1211,32,14.0,-18.0
1212,31,12.0,-19.0
1213,30,14.0,-16.0
1214,28,9.0,-19.0
1215,23,6.0,-17.0
1216,23,7.0,-16.0
1217,23,6.0,-17.0
1218,23,6.0,-17.0
1219,22,7.0,-15.0
1220,29,8.0,-21.0
1221,32,10.0,-22.0
1222,29,11.0,-18.0
1223,34,12.0,-22.0
1224,34,12.0,-22.0
1225,33,12.0,-21.0
1226,34,10.0,-24.0
1227,36,10.0,-26.0
1228,38,12.0,-26.0
1229,39,15.0,-24.0
1230,37,12.0,-25.0
1231,36,10.0,-26.0
1232,36,14.0,-22.0
1233,37,14.0,-23.0
1234,36,14.0,-22.0
1235,32,11.0,-21.0
1236,35,11.0,-24.0
1237,33,7.0,-26.0
1238,35,14.0,-21.0
1239,35,11.0,-24.0
1240,30,9.0,-21.0
1241,29,7.0,-22.0
1242,30,10.0,-20.0
1243,27,9.0,-18.0
1244,28,12.0,-16.0
1245,28,12.0,-16.0
1246,27,10.0,-17.0
1247,25,12.0,-13.0
1248,24,12.0,-12.0
1249,24,10.0,-14.0
1250,23,9.0,-14.0
1251,23,8.0,-15.0
1252,25,10.0,-15.0
1253,26,10.0,-16.0
1254,24,10.0,-14.0
1255,25,10.0,-15.0
1256,23,9.0,-14.0
1257,24,10.0,-14.0
1258,25,11.0,-14.0
1259,29,11.0,-18.0
1260,29,14.0,-15.0
1261,28,15.0,-13.0
1262,30,12.0,-18.0
1263,27,11.0,-16.0
1264,29,11.0,-18.0
1265,33,8.0,-25.0
1266,29,13.0,-16.0
1267,35,9.0,-26.0
1268,37,16.0,-21.0
1269,37,15.0,-22.0
1270,34,12.0,-22.0
1271,35,10.0,-25.0
1272,33,14.0,-19.0
1273,35,14.0,-21.0
1274,34,11.0,-23.0
1275,36,8.0,-28.0
1276,37,11.0,-26.0
1277,36,15.0,-21.0
1278,32,15.0,-17.0
1279,35,12.0,-23.0
1280,35,13.0,-22.0
1281,34,15.0,-19.0
1282,34,14.0,-20.0
1283,35,12.0,-23.0
1284,36,12.0,-24.0
1285,38,20.0,-18.0
1286,33,13.0,-20.0
1287,31,11.0,-20.0
1288,29,10.0,-19.0
1289,31,14.0,-17.0
1290,30,13.0,-17.0
1291,31,15.0,-16.0
1292,29,13.0,-16.0
1293,28,11.0,-17.0
1294,30,9.0,-21.0
1295,30,13.0,-17.0
1296,33,14.0,-19.0
1297,31,9.0,-22.0
1298,35,12.0,-23.0
1299,34,12.0,-22.0
1300,30,11.0,-19.0
1301,30,10.0,-20.0
1302,30,8.0,-22.0
1303,27,8.0,-19.0
1304,27,7.0,-20.0
1305,30,8.0,-22.0
1306,28,10.0,-18.0
1307,30,9.0,-21.0
1308,31,10.0,-21.0
1309,34,13.0,-21.0
1310,37,12.0,-25.0
1311,35,13.0,-22.0
1312,35,13.0,-22.0
1313,35,11.0,-24.0
1314,35,10.0,-25.0
1315,34,12.0,-22.0
1316,35,13.0,-22.0
1317,34,12.0,-22.0
1318,32,13.0,-19.0
1319,30,11.0,-19.0
1320,32,9.0,-23.0
1321,32,11.0,-21.0
1322,32,12.0,-20.0
1323,30,10.0,-20.0
1324,35,11.0,-24.0
1325,34,11.0,-23.0
1326,35,13.0,-22.0
1327,34,11.0,-23.0
1328,31,11.0,-20.0
1329,27,12.0,-15.0
1330,21,7.0,-14.0
1331,22,8.0,-14.0
1332,24,6.0,-18.0
1333,23,4.0,-19.0
1334,18,3.0,-15.0
1335,18,3.0,-15.0
1336,20,4.0,-16.0
1337,20,5.0,-15.0
1338,19,4.0,-15.0
1339,18,4.0,-14.0
1340,19,4.0,-15.0
1341,21,4.0,-17.0
1342,22,5.0,-17.0
1343,19,5.0,-14.0
1344,22,6.0,-16.0
1345,23,6.0,-17.0
1346,22,9.0,-13.0
1347,24,9.0,-15.0
1348,25,9.0,-16.0
1349,24,9.0,-15.0
1350,24,9.0,-15.0
1351,25,10.0,-15.0
1352,26,9.0,-17.0
1353,28,7.0,-21.0
1354,28,11.0,-17.0
1355,31,12.0,-19.0
1356,31,13.0,-18.0
1357,28,12.0,-16.0
1358,29,12.0,-17.0
1359,29,11.0,-18.0
1360,26,9.0,-17.0
1361,28,8.0,-20.0
1362,28,12.0,-16.0
1363,25,7.0,-18.0
1364,25,7.0,-18.0
1365,26,6.0,-20.0
1366,24,7.0,-17.0
1367,22,5.0,-17.0
1368,22,4.0,-18.0
1369,23,4.0,-19.0
1370,23,6.0,-17.0
1371,19,5.0,-14.0
1372,19,2.0,-17.0
1373,17,3.0,-14.0
1374,18,4.0,-14.0
1375,20,3.0,-17.0
1376,20,4.0,-16.0
1377,20,6.0,-14.0
1378,19,5.0,-14.0
1379,19,3.0,-16.0
1380,22,4.0,-18.0
1381,22,4.0,-18.0
1382,22,6.0,-16.0
1383,21,5.0,-16.0
1384,25,5.0,-20.0
1385,28,9.0,-19.0
1386,30,13.0,-17.0
1387,29,12.0,-17.0
1388,26,9.0,-17.0
1389,27,11.0,-16.0
1390,27,9.0,-18.0
1391,30,8.0,-22.0
1392,27,3.0,-24.0
1393,29,3.0,-26.0
1394,26,3.0,-23.0
1395,28,3.0,-25.0
1396,27,3.0,-24.0
1397,25,6.0,-19.0
1398,23,2.0,-21.0
1399,23,2.0,-21.0
1400,26,3.0,-23.0
1401,27,6.0,-21.0
1402,25,5.0,-20.0
1403,29,7.0,-22.0
1404,30,9.0,-21.0
1405,35,7.0,-28.0
1406,36,8.0,-28.0
1407,37,10.0,-27.0
1408,37,10.0,-27.0
1409,35,7.0,-28.0
1410,33,6.0,-27.0
1411,33,9.0,-24.0
1412,34,8.0,-26.0
1413,31,7.0,-24.0
1414,33,4.0,-29.0
1415,34,5.0,-29.0
1416,35,9.0,-26.0
1417,33,9.0,-24.0
1418,38,13.0,-25.0
1419,38,12.0,-26.0
1420,37,11.0,-26.0
1421,39,13.0,-26.0
1422,38,12.0,-26.0
1423,38,10.0,-28.0
1424,38,11.0,-27.0
1425,36,10.0,-26.0
1426,41,11.0,-30.0
1427,44,12.0,-32.0
1428,41,14.0,-27.0
1429,40,15.0,-25.0
1430,37,12.0,-25.0
1431,38,12.0,-26.0
1432,36,12.0,-24.0
1433,37,10.0,-27.0
1434,35,12.0,-23.0
1435,31,15.0,-16.0
1436,34,12.0,-22.0
1437,32,13.0,-19.0
1438,35,13.0,-22.0
1439,34,10.0,-24.0
1440,34,12.0,-22.0
1441,37,12.0,-25.0
1442,35,10.0,-25.0
1443,30,11.0,-19.0
1444,30,11.0,-19.0
1445,34,8.0,-26.0
1446,33,8.0,-25.0
1447,37,9.0,-28.0
1448,39,10.0,-29.0
1449,36,8.0,-28.0
1450,40,10.0,-30.0
1451,39,12.0,-27.0
1452,40,11.0,-29.0
1453,40,11.0,-29.0
1454,38,12.0,-26.0
1455,40,11.0,-29.0
1456,43,13.0,-30.0
1457,45,16.0,-29.0
1458,48,17.0,-31.0
1459,42,13.0,-29.0
1460,43,13.0,-30.0
1461,36,13.0,-23.0
1462,36,10.0,-26.0
1463,39,11.0,-28.0
1464,39,11.0,-28.0
1465,37,11.0,-26.0
1466,33,12.0,-21.0
1467,31,10.0,-21.0
1468,33,10.0,-23.0
1469,34,9.0,-25.0
1470,32,9.0,-23.0
1471,32,12.0,-20.0
1472,29,9.0,-20.0
1473,29,12.0,-17.0
1474,32,11.0,-21.0
1475,31,11.0,-20.0
1476,29,15.0,-14.0
1477,29,13.0,-16.0
1478,26,11.0,-15.0
1479,28,12.0,-16.0
1480,29,13.0,-16.0
1481,28,11.0,-17.0
1482,27,10.0,-17.0
1483,31,10.0,-21.0
1484,30,9.0,-21.0
1485,34,12.0,-22.0
1486,30,11.0,-19.0
1487,37,10.0,-27.0
1488,37,10.0,-27.0
1489,35,9.0,-26.0
1490,34,10.0,-24.0
1491,31,12.0,-19.0
1492,32,10.0,-22.0
1493,35,10.0,-25.0
1494,32,9.0,-23.0
1495,33,7.0,-26.0
1496,34,9.0,-25.0
1497,37,10.0,-27.0
1498,39,11.0,-28.0
1499,40,15.0,-25.0
1500,45,13.0,-32.0
1501,45,13.0,-32.0
1502,45,15.0,-30.0
1503,47,15.0,-32.0
1504,47,17.0,-30.0
1505,47,15.0,-32.0
1506,44,17.0,-27.0
1507,41,14.0,-27.0
1508,38,18.0,-20.0
1509,43,15.0,-28.0
1510,43,18.0,-25.0
1511,42,17.0,-25.0
1512,41,14.0,-27.0
1513,39,14.0,-25.0
1514,39,15.0,-24.0
1515,37,11.0,-26.0
1516,37,6.0,-31.0
1517,34,13.0,-21.0
1518,34,11.0,-23.0
1519,34,9.0,-25.0
1520,33,8.0,-25.0
1521,33,9.0,-24.0
1522,31,10.0,-21.0
1523,33,13.0,-20.0
1524,30,10.0,-20.0
1525,29,12.0,-17.0
1526,30,8.0,-22.0
1527,27,7.0,-20.0
1528,27,4.0,-23.0
1529,28,7.0,-21.0
1530,28,8.0,-20.0
1531,31,10.0,-21.0
1532,33,11.0,-22.0
1533,34,12.0,-22.0
1534,37,13.0,-24.0
1535,34,11.0,-23.0
1536,39,17.0,-22.0
1537,34,17.0,-17.0
1538,39,15.0,-24.0
1539,39,16.0,-23.0
1540,37,13.0,-24.0
1541,33,12.0,-21.0
1542,35,15.0,-20.0
1543,41,18.0,-23.0
1544,37,16.0,-21.0
1545,42,11.0,-31.0
1546,41,13.0,-28.0
1547,39,10.0,-29.0
1548,40,11.0,-29.0
1549,39,10.0,-29.0
1550,38,11.0,-27.0
1551,41,13.0,-28.0
1552,40,14.0,-26.0
1553,43,10.0,-33.0
1554,42,11.0,-31.0
1555,44,14.0,-30.0
1556,45,18.0,-27.0
1557,45,16.0,-29.0
1558,47,16.0,-31.0
1559,45,18.0,-27.0
1560,46,16.0,-30.0
1561,46,15.0,-31.0
1562,44,15.0,-29.0
1563,38,15.0,-23.0
1564,34,13.0,-21.0
1565,33,9.0,-24.0
1566,32,7.0,-25.0
1567,33,7.0,-26.0
1568,32,7.0,-25.0
1569,28,5.0,-23.0
1570,25,4.0,-21.0
1571,23,4.0,-19.0
1572,22,3.0,-19.0
1573,22,5.0,-17.0
1574,23,5.0,-18.0
1575,25,6.0,-19.0
1576,27,9.0,-18.0
1577,26,7.0,-19.0
1578,29,10.0,-19.0
1579,28,9.0,-19.0
1580,29,9.0,-20.0
1581,30,11.0,-19.0
1582,30,11.0,-19.0
1583,30,10.0,-20.0
1584,31,9.0,-22.0
1585,29,10.0,-19.0
1586,32,8.0,-24.0
1587,31,11.0,-20.0
1588,30,7.0,-23.0
1589,32,9.0,-23.0
1590,32,8.0,-24.0
1591,34,9.0,-25.0
1592,33,11.0,-22.0
1593,33,9.0,-24.0
1594,32,10.0,-22.0
1595,30,8.0,-22.0
1596,28,8.0,-20.0
1597,30,10.0,-20.0
1598,36,8.0,-28.0
1599,35,12.0,-23.0
1600,35,13.0,-22.0
1601,30,10.0,-20.0
1602,29,8.0,-21.0
1603,29,9.0,-20.0
1604,33,7.0,-26.0
1605,32,8.0,-24.0
1606,34,11.0,-23.0
1607,34,13.0,-21.0
1608,35,9.0,-26.0
1609,31,10.0,-21.0
1610,29,12.0,-17.0
1611,28,11.0,-17.0
1612,27,10.0,-17.0
1613,30,10.0,-20.0
1614,31,9.0,-22.0
1615,29,9.0,-20.0
1616,32,9.0,-23.0
1617,36,13.0,-23.0
1618,35,15.0,-20.0
1619,37,13.0,-24.0
1620,30,12.0,-18.0
1621,32,10.0,-22.0
1622,33,10.0,-23.0
1623,37,12.0,-25.0
1624,37,12.0,-25.0
1625,33,12.0,-21.0
1626,40,14.0,-26.0
1627,42,10.0,-32.0
1628,43,13.0,-30.0
1629,41,12.0,-29.0
1630,41,11.0,-30.0
1631,43,15.0,-28.0
1632,42,17.0,-25.0
1633,46,16.0,-30.0
1634,45,15.0,-30.0
1635,44,14.0,-30.0
1636,41,15.0,-26.0
1637,45,16.0,-29.0
1638,41,16.0,-25.0
1639,45,17.0,-28.0
1640,43,21.0,-22.0
1641,40,15.0,-25.0
1642,40,15.0,-25.0
1643,44,15.0,-29.0
1644,45,15.0,-30.0
1645,44,17.0,-27.0
1646,44,21.0,-23.0
1647,44,15.0,-29.0
1648,44,16.0,-28.0
1649,41,15.0,-26.0
1650,45,21.0,-24.0
1651,48,22.0,-26.0
1652,47,22.0,-25.0
1653,44,22.0,-22.0
1654,38,19.0,-19.0
1655,41,16.0,-25.0
1656,43,14.0,-29.0
1657,39,23.0,-16.0
1658,40,18.0,-22.0
1659,38,15.0,-23.0
1660,34,14.0,-20.0
1661,37,12.0,-25.0
1662,35,14.0,-21.0
1663,33,14.0,-19.0
1664,36,11.0,-25.0
1665,36,10.0,-26.0
1666,34,11.0,-23.0
1667,32,7.0,-25.0
1668,28,9.0,-19.0
1669,27,10.0,-17.0
1670,29,10.0,-19.0
1671,32,9.0,-23.0
1672,27,12.0,-15.0
1673,30,11.0,-19.0
1674,28,12.0,-16.0
1675,31,11.0,-20.0
1676,28,10.0,-18.0
1677,28,10.0,-18.0
1678,27,11.0,-16.0
1679,28,10.0,-18.0
1680,29,10.0,-19.0
1681,31,12.0,-19.0
1682,32,10.0,-22.0
1683,30,12.0,-18.0
1684,31,14.0,-17.0
1685,32,12.0,-20.0
1686,30,13.0,-17.0
1687,30,10.0,-20.0
1688,26,11.0,-15.0
1689,26,12.0,-14.0
1690,23,7.0,-16.0
1691,25,6.0,-19.0
1692,27,10.0,-17.0
1693,26,8.0,-18.0
1694,25,8.0,-17.0
1695,24,8.0,-16.0
1696,22,6.0,-16.0
1697,20,3.0,-17.0
1698,20,5.0,-15.0
1699,20,4.0,-16.0
1700,21,3.0,-18.0
1701,21,6.0,-15.0
1702,21,5.0,-16.0
1703,21,7.0,-14.0
1704,22,7.0,-15.0
1705,26,10.0,-16.0
1706,27,12.0,-15.0
1707,30,11.0,-19.0
1708,30,14.0,-16.0
1709,34,14.0,-20.0
1710,29,12.0,-17.0
1711,30,12.0,-18.0
1712,32,14.0,-18.0
1713,29,14.0,-15.0
1714,31,17.0,-14.0
1715,36,16.0,-20.0
1716,35,15.0,-20.0
1717,34,12.0,-22.0
1718,36,13.0,-23.0
1719,37,9.0,-28.0
1720,33,8.0,-25.0
1721,38,8.0,-30.0
1722,31,10.0,-21.0
1723,27,8.0,-19.0
1724,28,8.0,-20.0
1725,27,8.0,-19.0
1726,25,9.0,-16.0
1727,27,7.0,-20.0
1728,27,6.0,-21.0
1729,32,7.0,-25.0
1730,32,5.0,-27.0
1731,31,9.0,-22.0
1732,26,5.0,-21.0
1733,26,6.0,-20.0
1734,25,7.0,-18.0
1735,25,9.0,-16.0
1736,28,8.0,-20.0
1737,28,6.0,-22.0
1738,27,8.0,-19.0
1739,30,9.0,-21.0
1740,33,10.0,-23.0
1741,34,12.0,-22.0
1742,31,10.0,-21.0
1743,30,10.0,-20.0
1744,36,11.0,-25.0
1745,34,10.0,-24.0
1746,33,12.0,-21.0
1747,36,10.0,-26.0
1748,33,11.0,-22.0
1749,33,10.0,-23.0
1750,29,11.0,-18.0
1751,32,11.0,-21.0
1752,31,13.0,-18.0
1753,30,10.0,-20.0
1754,30,9.0,-21.0
1755,29,10.0,-19.0
1756,33,14.0,-19.0
1757,39,13.0,-26.0
1758,41,15.0,-26.0
1759,41,10.0,-31.0
1760,39,11.0,-28.0
1761,37,10.0,-27.0
1762,38,11.0,-27.0
1763,34,8.0,-26.0
1764,33,9.0,-24.0
1765,32,12.0,-20.0
1766,34,12.0,-22.0
1767,30,9.0,-21.0
1768,33,8.0,-25.0
1769,35,8.0,-27.0
1770,37,9.0,-28.0
1771,35,6.0,-29.0
1772,35,9.0,-26.0
1773,36,11.0,-25.0
1774,34,9.0,-25.0
1775,33,13.0,-20.0
1776,32,11.0,-21.0
1777,32,10.0,-22.0
1778,32,10.0,-22.0
1779,32,10.0,-22.0
1780,32,10.0,-22.0
1781,35,10.0,-25.0
1782,35,12.0,-23.0
1783,32,10.0,-22.0
1784,34,11.0,-23.0
1785,36,12.0,-24.0
1786,35,11.0,-24.0
1787,31,9.0,-22.0
1788,32,8.0,-24.0
1789,32,9.0,-23.0
1790,31,10.0,-21.0
1791,30,9.0,-21.0
1792,32,13.0,-19.0
1793,34,13.0,-21.0
1794,37,13.0,-24.0
1795,39,15.0,-24.0
1796,40,13.0,-27.0
1797,37,12.0,-25.0
1798,39,11.0,-28.0
1799,43,8.0,-35.0
1800,38,10.0,-28.0
1801,37,10.0,-27.0
1802,38,10.0,-28.0
1803,37,13.0,-24.0
1804,34,13.0,-21.0
1805,37,12.0,-25.0
1806,36,13.0,-23.0
1807,41,12.0,-29.0
1808,44,14.0,-30.0
1809,45,12.0,-33.0
1810,44,9.0,-35.0
1811,41,8.0,-33.0
1812,43,12.0,-31.0
1813,44,15.0,-29.0
1814,38,12.0,-26.0
1815,37,11.0,-26.0
1816,33,10.0,-23.0
1817,32,8.0,-24.0
1818,31,10.0,-21.0
1819,31,10.0,-21.0
1820,28,9.0,-19.0
1821,30,9.0,-21.0
1822,34,11.0,-23.0
1823,36,9.0,-27.0
1824,33,14.0,-19.0
1825,32,9.0,-23.0
1826,32,11.0,-21.0
1827,31,10.0,-21.0
1828,27,14.0,-13.0
1829,29,12.0,-17.0
1830,29,8.0,-21.0
1831,30,10.0,-20.0
1832,35,9.0,-26.0
1833,40,10.0,-30.0
1834,41,14.0,-27.0
1835,44,16.0,-28.0
1836,42,12.0,-30.0
1837,36,12.0,-24.0
1838,36,15.0,-21.0
1839,37,15.0,-22.0
1840,35,12.0,-23.0
1841,37,11.0,-26.0
1842,41,14.0,-27.0
1843,40,17.0,-23.0
1844,40,12.0,-28.0
1845,42,11.0,-31.0
1846,40,15.0,-25.0
1847,41,15.0,-26.0
1848,45,16.0,-29.0
1849,42,16.0,-26.0
1850,39,15.0,-24.0
1851,36,13.0,-23.0
1852,33,11.0,-22.0
1853,35,12.0,-23.0
1854,35,14.0,-21.0
1855,39,19.0,-20.0
1856,36,15.0,-21.0
1857,33,13.0,-20.0
1858,35,14.0,-21.0
1859,33,12.0,-21.0
1860,33,12.0,-21.0
1861,36,10.0,-26.0
1862,37,7.0,-30.0
1863,35,6.0,-29.0
1864,31,10.0,-21.0
1865,30,8.0,-22.0
1866,30,7.0,-23.0
1867,26,8.0,-18.0
1868,26,8.0,-18.0
1869,26,8.0,-18.0
1870,28,11.0,-17.0
1871,30,6.0,-24.0
1872,32,10.0,-22.0
1873,29,9.0,-20.0
1874,27,10.0,-17.0
1875,27,10.0,-17.0
1876,27,9.0,-18.0
1877,27,8.0,-19.0
1878,26,6.0,-20.0
1879,30,6.0,-24.0
1880,31,7.0,-24.0
1881,30,12.0,-18.0
1882,30,11.0,-19.0
1883,33,10.0,-23.0
1884,35,13.0,-22.0
1885,32,9.0,-23.0
1886,33,8.0,-25.0
1887,29,10.0,-19.0
1888,26,9.0,-17.0
1889,30,7.0,-23.0
1890,28,5.0,-23.0
1891,29,9.0,-20.0
1892,28,8.0,-20.0
1893,27,6.0,-21.0
1894,26,6.0,-20.0
1895,29,8.0,-21.0
1896,30,8.0,-22.0
1897,30,8.0,-22.0
1898,27,6.0,-21.0
1899,30,8.0,-22.0
1900,32,7.0,-25.0
1901,33,10.0,-23.0
1902,34,9.0,-25.0
1903,31,7.0,-24.0
1904,30,8.0,-22.0
1905,28,8.0,-20.0
1906,31,9.0,-22.0
1907,33,13.0,-20.0
1908,33,10.0,-23.0
1909,29,9.0,-20.0
1910,30,11.0,-19.0
1911,29,9.0,-20.0
1912,29,11.0,-18.0
1913,35,11.0,-24.0
1914,34,9.0,-25.0
1915,33,12.0,-21.0
1916,31,12.0,-19.0
1917,32,10.0,-22.0
1918,36,13.0,-23.0
1919,39,13.0,-26.0
1920,36,10.0,-26.0
1921,35,9.0,-26.0
1922,28,12.0,-16.0
1923,29,11.0,-18.0
1924,26,10.0,-16.0
1925,25,9.0,-16.0
1926,28,13.0,-15.0
1927,31,12.0,-19.0
1928,29,13.0,-16.0
1929,29,15.0,-14.0
1930,30,11.0,-19.0
1931,32,13.0,-19.0
1932,29,14.0,-15.0
1933,30,13.0,-17.0
1934,30,12.0,-18.0
1935,28,10.0,-18.0
1936,26,9.0,-17.0
1937,29,8.0,-21.0
1938,26,7.0,-19.0
1939,25,7.0,-18.0
1940,28,5.0,-23.0
1941,25,8.0,-17.0
1942,25,4.0,-21.0
1943,24,10.0,-14.0
1944,24,12.0,-12.0
1945,27,10.0,-17.0
1946,30,11.0,-19.0
1947,32,11.0,-21.0
1948,29,9.0,-20.0
1949,27,10.0,-17.0
1950,28,12.0,-16.0
1951,32,16.0,-16.0
1952,33,13.0,-20.0
1953,32,12.0,-20.0
1954,28,10.0,-18.0
1955,27,6.0,-21.0
1956,26,9.0,-17.0
1957,28,9.0,-19.0
1958,26,9.0,-17.0
1959,28,9.0,-19.0
1960,28,9.0,-19.0
1961,29,10.0,-19.0
1962,30,10.0,-20.0
1963,30,10.0,-20.0
1964,28,8.0,-20.0
1965,32,7.0,-25.0
1966,32,9.0,-23.0
1967,29,10.0,-19.0
1968,29,9.0,-20.0
1969,25,7.0,-18.0
1970,30,9.0,-21.0
1971,29,8.0,-21.0
1972,28,7.0,-21.0
1973,28,8.0,-20.0
1974,27,8.0,-19.0
1975,28,12.0,-16.0
1976,27,9.0,-18.0
1977,30,11.0,-19.0
1978,30,12.0,-18.0
1979,30,12.0,-18.0
1980,30,9.0,-21.0
1981,29,9.0,-20.0
1982,34,11.0,-23.0
1983,33,12.0,-21.0
1984,35,8.0,-27.0
1985,36,12.0,-24.0
1986,31,10.0,-21.0
1987,26,9.0,-17.0
1988,26,6.0,-20.0
1989,26,6.0,-20.0
1990,28,5.0,-23.0
1991,28,5.0,-23.0
1992,28,6.0,-22.0
1993,28,7.0,-21.0
1994,28,6.0,-22.0
1995,29,5.0,-24.0
1996,27,5.0,-22.0
1997,27,8.0,-19.0
1998,25,5.0,-20.0
1999,26,7.0,-19.0
2000,26,7.0,-19.0
